{
  "precision": 0.646906764524614,
  "recall": 0.7454290782443549,
  "f1": 0.6926795488596091,
  "em": 0.2821619399917797,
  "cls_accuracy": 0.5729551993423757,
  "cls_precision": 0.3503724270451285,
  "cls_recall": 0.34244147534985836,
  "cls_f1": 0.3334371581338322,
  "cost": 19.82534999999998
}