{
  "precision": 0.6470199777187091,
  "recall": 0.7453397227478886,
  "f1": 0.6927058901322835,
  "em": 0.28239407651172355,
  "cls_accuracy": 0.5734265734265734,
  "cls_precision": 0.46716323606017135,
  "cls_recall": 0.45706175549518485,
  "cls_f1": 0.4449396351880586
}