{
  "F1": 0.6334852517431855,
  "Recall": 0.6192335415665545,
  "Precision": 0.6657944443053736,
  "ExactMatch": 0.2698907956318253
}