{
  "precision": 0.7390518510799124,
  "recall": 0.6563051857053653,
  "f1": 0.694876629400001,
  "em": 0.42667706708268327,
  "cls_accuracy": 1.0,
  "cls_precision": 1.0,
  "cls_recall": 1.0,
  "cls_f1": 1.0,
  "cost": 38.662050000000015
}