{
  "precision": 0.7086845201273555,
  "recall": 0.6397945938475273,
  "f1": 0.6720709253870529,
  "em": 0.34399375975039004,
  "cls_accuracy": 1.0,
  "cls_precision": 1.0,
  "cls_recall": 1.0,
  "cls_f1": 1.0,
  "cost": 1.2897710000000002
}