{
  "accuracy": 0.83,
  "precision": 0.851063829787234,
  "recall": 0.8,
  "f1": 0.8247422680412371,
  "agreement": 0.83,
  "krippendorff": 0.6613952557301571,
  "spearman": 0.6611912172532104,
  "cohen": 0.6599999999999999,
  "eval_loss": NaN
}