{
  "precision": 0.6676442993869068,
  "recall": 0.7406711376899988,
  "f1": 0.7022538574772659,
  "em": 0.3399095766543362,
  "cls_accuracy": 0.36744759556103573,
  "cls_precision": 0.31927092882704855,
  "cls_recall": 0.3544750478289964,
  "cls_f1": 0.2330128262514126,
  "cost": 5.767527000000009
}