{
  "precision": 0.6678088074922276,
  "recall": 0.7407966417536662,
  "f1": 0.7023997478711548,
  "em": 0.34004934210526316,
  "cls_accuracy": 0.3675986842105263,
  "cls_precision": 0.42569457176939807,
  "cls_recall": 0.4726610522922033,
  "cls_f1": 0.31072451290265846
}